Darve, Abigail Farah, 79084, 13
Darve, Abigail Nahla, 36076, 6
Darve, Abigail Nahla, 90825, 1
Darve, Abigail Theresa, 44459, 18
Darve, Abigail Theresa, 62202, 19
Darve, Amelia Eila, 55801, 16
Darve, Amelia Eila, 99473, 2
Darve, Amelia Kalea, 26260, 10
Darve, Amelia Kalea, 12662, 1
Darve, Amelia Kaleah, 82197, 20
Darve, Aria Joey, 65466, 3
Darve, Aria Jubilee, 68291, 13
Darve, Aria Kya, 10513, 9
Darve, Aria Renesmee, 65454, 1
Darve, Ava Alessa, 75302, 3
Darve, Ava Kaleah, 82705, 19
Darve, Ava Lavender, 17724, 17
Darve, Ava Macey, 73448, 10
Darve, Ava Nahla, 36346, 11
Darve, Avery Alessa, 68790, 7
Darve, Avery Alissa, 22965, 11
Darve, Avery Blayke, 53177, 17
Darve, Avery Rosalind, 81162, 5
Darve, Charlotte Arizona, 60802, 4
Darve, Charlotte Kya, 35731, 8
Darve, Charlotte Rosalind, 10130, 6
Darve, Charlotte Theresa, 92670, 10
Darve, Chloe Arizona, 34086, 19
Darve, Chloe Arizona, 22026, 10
Darve, Chloe Eila, 24378, 7
Darve, Chloe Raine, 33078, 19
Darve, Eleanor Kya, 14859, 12
Darve, Eleanor Xyla, 80010, 7
Darve, Ella Arizona, 90402, 1
Darve, Ella Farah, 23217, 20
Darve, Ella Joey, 45240, 16
Darve, Ella Renesmee, 35913, 14
Darve, Ellie Ira, 50644, 8
Darve, Ellie Xyla, 98555, 14
Darve, Emma Alessa, 93424, 9
Darve, Emma Alessa, 93483, 4
Darve, Evelyn Annelise, 52202, 4
Darve, Evelyn Ira, 78028, 19
Darve, Evelyn Jubilee, 17717, 8
Darve, Evelyn Renesmee, 79653, 13
Darve, Evelyn Salome, 47169, 10
Darve, Gianna Jubilee, 87520, 17
Darve, Gianna Kalea, 58538, 18
Darve, Gianna Natalee, 28548, 17
Darve, Grace Blayke, 12420, 12
Darve, Harper Chevelle, 90093, 16
Darve, Isabella Chevelle, 96291, 7
Darve, Isabella Macey, 43970, 5
Darve, Isabella Raine, 34755, 4
Darve, Isabella Yuna, 38650, 19
Darve, Layla Salome, 26962, 13
Darve, Layla Xyla, 65139, 17
Darve, Luna Farah, 67097, 17
Darve, Madison Arizona, 93612, 3
Darve, Madison Arizona, 93201, 1
Darve, Madison Blayke, 62932, 1
Darve, Madison Ira, 55448, 4
Darve, Madison Natalee, 39853, 13
Darve, Mia Rosalind, 60864, 16
Darve, Mila Arizona, 57861, 11
Darve, Mila Kaleah, 98203, 10
Darve, Mila Natalee, 48684, 17
Darve, Olivia Alissa, 54257, 7
Darve, Olivia Joey, 61242, 18
Darve, Olivia Macey, 19080, 2
Darve, Penelope Ira, 76141, 9
Darve, Scarlett Blayke, 42083, 18
Darve, Scarlett Kalea, 40921, 8
Darve, Scarlett Macey, 54745, 9
Darve, Sophia Kalea, 56154, 7
Darve, Sophia Renesmee, 21429, 15
