Derple, Abigail Alissa, 17336, 11
Derple, Abigail Joey, 53570, 3
Derple, Abigail Lavender, 26163, 9
Derple, Abigail Renesmee, 17023, 15
Derple, Abigail Salome, 19237, 11
Derple, Amelia Alissa, 73050, 15
Derple, Amelia Arizona, 71546, 3
Derple, Amelia Macey, 58396, 5
Derple, Amelia Theresa, 41508, 9
Derple, Aria Nahla, 21250, 17
Derple, Aria Nahla, 44735, 15
Derple, Aria Nahla, 74172, 19
Derple, Aria Xyla, 12457, 9
Derple, Ava Asia, 51577, 15
Derple, Ava Chevelle, 97158, 5
Derple, Ava Farah, 51140, 3
Derple, Ava Kaleah, 11967, 13
Derple, Ava Nahla, 55847, 7
Derple, Avery Alissa, 81643, 3
Derple, Avery Farah, 82608, 12
Derple, Avery Kalea, 53450, 13
Derple, Avery Kaleah, 60858, 20
Derple, Avery Macey, 19890, 16
Derple, Avery Nahla, 41485, 17
Derple, Camila Alessa, 47667, 8
Derple, Camila Arizona, 50707, 16
Derple, Camila Lavender, 84827, 19
Derple, Camila Macey, 88928, 3
Derple, Camila Salome, 14179, 19
Derple, Charlotte Macey, 50579, 6
Derple, Eleanor Farah, 10714, 7
Derple, Eleanor Kya, 35462, 8
Derple, Eleanor Nahla, 18166, 13
Derple, Eleanor Rosalind, 40295, 3
Derple, Elizabeth Alissa, 63106, 4
Derple, Elizabeth Chevelle, 92908, 5
Derple, Elizabeth Darla, 49040, 5
Derple, Elizabeth Rosalind, 92450, 15
Derple, Ella Arizona, 97628, 20
Derple, Ella Chevelle, 44936, 11
Derple, Ella Eila, 85141, 4
Derple, Ella Salome, 22145, 4
Derple, Ella Theresa, 95571, 20
Derple, Ella Xyla, 83197, 7
Derple, Ella Zaya, 53792, 9
Derple, Ellie Nahla, 60787, 6
Derple, Ellie Nahla, 91223, 20
Derple, Emily Eila, 14186, 10
Derple, Emily Farah, 91811, 18
Derple, Emily Joey, 34886, 16
Derple, Emily Kaleah, 81162, 4
Derple, Emma Alessa, 10740, 1
Derple, Emma Alissa, 37417, 18
Derple, Emma Blayke, 50570, 13
Derple, Emma Kya, 99747, 4
Derple, Emma Lavender, 79624, 10
Derple, Emma Salome, 49530, 6
Derple, Evelyn Kya, 16972, 20
Derple, Evelyn Renesmee, 93796, 18
Derple, Evelyn Xyla, 38358, 4
Derple, Gianna Jubilee, 65740, 16
Derple, Gianna Theresa, 21407, 7
Derple, Gianna Xyla, 70267, 6
Derple, Gianna Zaya, 37815, 20
Derple, Grace Blayke, 99927, 4
Derple, Grace Farah, 57657, 11
Derple, Grace Kaleah, 91025, 20
Derple, Harper Farah, 71090, 15
Derple, Harper Theresa, 61402, 9
Derple, Harper Zaya, 10683, 20
Derple, Isabella Alissa, 34206, 20
Derple, Isabella Alissa, 91751, 12
Derple, Isabella Eila, 70050, 18
Derple, Isabella Farah, 79282, 5
Derple, Isabella Jenny, 17960, 2
Derple, Layla Xyla, 63584, 8
Derple, Luna Darla, 91059, 19
Derple, Luna Eila, 57794, 13
Derple, Madison Blayke, 10253, 14
Derple, Madison Farah, 65990, 8
Derple, Madison Rosalind, 99424, 10
Derple, Madison Rosalind, 93747, 18
Derple, Mia Blayke, 55268, 6
Derple, Mia Darla, 24668, 6
Derple, Mia Ira, 26900, 11
Derple, Mia Renesmee, 44613, 12
Derple, Mila Chevelle, 50345, 10
Derple, Mila Jenny, 70606, 3
Derple, Mila Zaya, 50602, 15
Derple, Olivia Annelise, 72623, 12
Derple, Penelope Alissa, 11169, 6
Derple, Penelope Kaleah, 63725, 18
Derple, Penelope Nahla, 37002, 17
Derple, Scarlett Kaleah, 20617, 13
Derple, Sofia Alissa, 73263, 12
Derple, Sofia Farah, 99246, 14
Derple, Sofia Kalea, 67388, 4
Derple, Sofia Kalea, 73866, 14
Derple, Sofia Salome, 31801, 16
Derple, Sophia Annelise, 93977, 3
Derple, Sophia Jenny, 77026, 18
