Empye, Abigail Eila, 67386, 7
Empye, Abigail Farah, 97689, 9
Empye, Abigail Jenny, 69911, 13
Empye, Abigail Kaleah, 44589, 20
Empye, Abigail Xyla, 85696, 20
Empye, Amelia Asia, 89839, 16
Empye, Amelia Raine, 63798, 3
Empye, Amelia Yuna, 44596, 12
Empye, Aria Annelise, 56935, 12
Empye, Aria Arizona, 42951, 11
Empye, Aria Eila, 70547, 20
Empye, Aria Ira, 65932, 19
Empye, Aria Theresa, 59389, 14
Empye, Ava Arizona, 17980, 8
Empye, Ava Blayke, 38836, 7
Empye, Avery Alessa, 76663, 16
Empye, Camila Joey, 16380, 14
Empye, Camila Macey, 55452, 3
Empye, Camila Natalee, 56717, 4
Empye, Camila Salome, 95487, 1
Empye, Charlotte Annelise, 91252, 15
Empye, Charlotte Joey, 36240, 17
Empye, Charlotte Rosalind, 47777, 1
Empye, Chloe Jenny, 35836, 2
Empye, Chloe Kalea, 36089, 19
Empye, Chloe Kya, 78422, 1
Empye, Chloe Macey, 22600, 10
Empye, Chloe Rosalind, 60265, 3
Empye, Eleanor Blayke, 22235, 6
Empye, Eleanor Jubilee, 95550, 6
Empye, Eleanor Raine, 86159, 1
Empye, Eleanor Renesmee, 32086, 15
Empye, Elizabeth Blayke, 65018, 16
Empye, Ella Kaleah, 83055, 10
Empye, Ellie Eila, 96961, 1
Empye, Ellie Rosalind, 49753, 9
Empye, Ellie Xyla, 58316, 9
Empye, Emily Joey, 20120, 19
Empye, Emily Rosalind, 83219, 5
Empye, Emma Annelise, 90212, 13
Empye, Emma Annelise, 89981, 20
Empye, Emma Darla, 12012, 7
Empye, Emma Xyla, 18305, 20
Empye, Emma Zaya, 63550, 12
Empye, Evelyn Alissa, 49193, 14
Empye, Gianna Chevelle, 29663, 17
Empye, Gianna Eila, 48722, 14
Empye, Gianna Jenny, 18597, 7
Empye, Gianna Kalea, 57889, 7
Empye, Gianna Renesmee, 90682, 18
Empye, Gianna Yuna, 98776, 8
Empye, Grace Blayke, 15404, 13
Empye, Grace Darla, 44102, 12
Empye, Grace Natalee, 35406, 3
Empye, Grace Renesmee, 84353, 18
Empye, Grace Salome, 60185, 17
Empye, Harper Eila, 24417, 8
Empye, Harper Ira, 45619, 16
Empye, Harper Lavender, 82548, 16
Empye, Harper Nahla, 14580, 20
Empye, Harper Natalee, 99566, 8
Empye, Harper Theresa, 15689, 1
Empye, Harper Xyla, 68170, 14
Empye, Isabella Arizona, 73791, 7
Empye, Isabella Asia, 68409, 16
Empye, Isabella Nahla, 83759, 18
Empye, Isabella Xyla, 82972, 1
Empye, Layla Chevelle, 56450, 8
Empye, Layla Zaya, 96285, 8
Empye, Luna Annelise, 48241, 17
Empye, Luna Jubilee, 98502, 4
Empye, Luna Kalea, 71909, 2
Empye, Luna Xyla, 92022, 3
Empye, Madison Farah, 29331, 16
Empye, Madison Kalea, 97260, 12
Empye, Madison Raine, 68148, 2
Empye, Mia Asia, 73957, 5
Empye, Mia Darla, 86827, 20
Empye, Mia Eila, 72351, 16
Empye, Mia Joey, 24378, 12
Empye, Mila Nahla, 40488, 1
Empye, Mila Salome, 14282, 13
Empye, Mila Theresa, 38019, 16
Empye, Olivia Renesmee, 51528, 10
Empye, Olivia Yuna, 70945, 11
Empye, Penelope Alissa, 12029, 15
Empye, Penelope Alissa, 51179, 3
Empye, Penelope Arizona, 54133, 14
Empye, Scarlett Jenny, 59124, 4
Empye, Scarlett Kya, 11198, 12
Empye, Scarlett Rosalind, 84273, 15
Empye, Sofia Joey, 65276, 16
Empye, Sofia Theresa, 48440, 16
Empye, Sophia Alessa, 58225, 11
Empye, Sophia Blayke, 85312, 7
Empye, Sophia Farah, 69542, 8
Empye, Sophia Kaleah, 29785, 19
Empye, Sophia Kaleah, 95010, 20
Empye, Sophia Nahla, 47447, 7
Empye, Sophia Salome, 24324, 20
