FLux, Abigail Kalea, 84856, 20
FLux, Abigail Renesmee, 42679, 12
FLux, Abigail Renesmee, 50257, 12
FLux, Abigail Salome, 44131, 19
FLux, Abigail Salome, 88332, 10
FLux, Abigail Zaya, 92408, 12
FLux, Amelia Farah, 45516, 12
FLux, Amelia Farah, 55893, 3
FLux, Amelia Jubilee, 80338, 9
FLux, Aria Chevelle, 45181, 18
FLux, Aria Joey, 45221, 1
FLux, Aria Natalee, 40511, 15
FLux, Aria Theresa, 55312, 1
FLux, Ava Annelise, 93995, 18
FLux, Ava Asia, 76157, 4
FLux, Ava Joey, 74362, 2
FLux, Ava Kalea, 76585, 7
FLux, Ava Lavender, 89946, 20
FLux, Avery Alessa, 26744, 3
FLux, Camila Farah, 78527, 16
FLux, Camila Jubilee, 61081, 12
FLux, Camila Xyla, 30446, 6
FLux, Charlotte Arizona, 98479, 8
FLux, Charlotte Blayke, 12107, 16
FLux, Charlotte Renesmee, 60263, 20
FLux, Charlotte Rosalind, 46332, 4
FLux, Charlotte Theresa, 27566, 19
FLux, Charlotte Yuna, 16828, 20
FLux, Chloe Kaleah, 62896, 10
FLux, Eleanor Alessa, 42289, 2
FLux, Eleanor Annelise, 34326, 1
FLux, Eleanor Blayke, 53035, 16
FLux, Eleanor Darla, 69467, 7
FLux, Elizabeth Arizona, 55074, 4
FLux, Elizabeth Darla, 26607, 5
FLux, Elizabeth Salome, 46143, 20
FLux, Ella Blayke, 37122, 4
FLux, Ella Zaya, 26945, 8
FLux, Ellie Asia, 40941, 16
FLux, Ellie Chevelle, 48425, 18
FLux, Ellie Salome, 87104, 3
FLux, Emily Lavender, 29934, 5
FLux, Emily Salome, 59250, 3
FLux, Emma Eila, 69172, 10
FLux, Emma Farah, 12498, 10
FLux, Emma Jubilee, 54748, 20
FLux, Emma Kaleah, 34481, 20
FLux, Evelyn Kya, 86515, 10
FLux, Evelyn Salome, 23230, 19
FLux, Evelyn Xyla, 30365, 14
FLux, Gianna Arizona, 35565, 3
FLux, Gianna Raine, 10101, 3
FLux, Grace Alissa, 62955, 12
FLux, Grace Asia, 33974, 15
FLux, Grace Asia, 67369, 15
FLux, Grace Eila, 74366, 15
FLux, Grace Eila, 62599, 9
FLux, Grace Jenny, 23871, 17
FLux, Grace Joey, 43444, 14
FLux, Grace Kalea, 61142, 1
FLux, Grace Kya, 38390, 20
FLux, Grace Nahla, 88004, 11
FLux, Grace Salome, 66500, 13
FLux, Grace Xyla, 95165, 2
FLux, Harper Alessa, 36409, 10
FLux, Harper Jubilee, 61448, 14
FLux, Isabella Asia, 11809, 14
FLux, Isabella Kalea, 87320, 4
FLux, Isabella Macey, 25996, 3
FLux, Layla Alessa, 69930, 8
FLux, Layla Alessa, 64013, 16
FLux, Layla Blayke, 86773, 10
FLux, Layla Jenny, 94294, 16
FLux, Layla Rosalind, 54607, 11
FLux, Luna Chevelle, 76376, 8
FLux, Luna Ira, 37765, 6
FLux, Luna Kaleah, 84677, 12
FLux, Luna Natalee, 12130, 3
FLux, Madison Raine, 79583, 13
FLux, Mia Ira, 43320, 19
FLux, Mia Salome, 51240, 19
FLux, Mia Yuna, 28380, 11
FLux, Mila Annelise, 41722, 7
FLux, Mila Joey, 22281, 9
FLux, Mila Kalea, 25835, 11
FLux, Olivia Arizona, 69333, 4
FLux, Olivia Kalea, 77631, 7
FLux, Penelope Xyla, 30611, 9
FLux, Scarlett Arizona, 97172, 2
FLux, Scarlett Asia, 91881, 5
FLux, Scarlett Macey, 18312, 19
FLux, Scarlett Rosalind, 95464, 10
FLux, Sofia Chevelle, 87286, 7
FLux, Sofia Ira, 48558, 14
FLux, Sofia Raine, 41495, 10
FLux, Sofia Raine, 26707, 20
FLux, Sofia Raine, 26351, 4
FLux, Sophia Alessa, 95648, 14
FLux, Sophia Blayke, 84976, 8
FLux, Sophia Chevelle, 86963, 1
FLux, Sophia Nahla, 43866, 6
FLux, Sophia Natalee, 98776, 2
