freet, Abigail Chevelle, 44618, 15
freet, Abigail Kya, 16846, 9
freet, Abigail Natalee, 62723, 3
freet, Abigail Renesmee, 72508, 17
freet, Abigail Salome, 93206, 16
freet, Amelia Alessa, 80686, 8
freet, Amelia Arizona, 76320, 11
freet, Amelia Farah, 40646, 6
freet, Amelia Joey, 80787, 7
freet, Amelia Joey, 70903, 12
freet, Amelia Joey, 18560, 9
freet, Amelia Macey, 41509, 3
freet, Aria Annelise, 49306, 10
freet, Aria Blayke, 23730, 6
freet, Aria Ira, 66754, 10
freet, Aria Macey, 96899, 19
freet, Aria Natalee, 89748, 16
freet, Aria Rosalind, 53931, 20
freet, Aria Salome, 69913, 19
freet, Aria Theresa, 41439, 3
freet, Ava Jenny, 94184, 5
freet, Ava Kya, 38394, 17
freet, Ava Macey, 23113, 17
freet, Avery Chevelle, 33115, 9
freet, Avery Chevelle, 96995, 14
freet, Avery Ira, 61838, 7
freet, Avery Macey, 37642, 7
freet, Avery Renesmee, 65426, 18
freet, Avery Rosalind, 39296, 5
freet, Camila Blayke, 68031, 9
freet, Camila Jubilee, 60279, 6
freet, Camila Macey, 94880, 16
freet, Charlotte Asia, 34896, 6
freet, Charlotte Blayke, 44192, 20
freet, Charlotte Renesmee, 69430, 19
freet, Charlotte Salome, 32557, 20
freet, Charlotte Salome, 24084, 5
freet, Chloe Chevelle, 20525, 3
freet, Chloe Kya, 56625, 14
freet, Chloe Lavender, 10009, 9
freet, Chloe Natalee, 90379, 1
freet, Chloe Renesmee, 10911, 18
freet, Chloe Salome, 99706, 5
freet, Chloe Theresa, 91778, 12
freet, Eleanor Jenny, 27800, 14
freet, Eleanor Joey, 25135, 9
freet, Eleanor Lavender, 90009, 20
freet, Elizabeth Joey, 67240, 19
freet, Elizabeth Xyla, 85385, 19
freet, Ella Alissa, 93966, 18
freet, Ella Alissa, 48657, 4
freet, Ella Asia, 72872, 19
freet, Ella Blayke, 24199, 10
freet, Ella Jenny, 20374, 1
freet, Ella Joey, 66516, 4
freet, Ella Jubilee, 77639, 4
freet, Ella Macey, 61126, 11
freet, Ellie Alessa, 36889, 19
freet, Ellie Eila, 98306, 8
freet, Ellie Ira, 56122, 11
freet, Ellie Jenny, 90287, 17
freet, Ellie Joey, 23992, 18
freet, Ellie Kaleah, 67684, 9
freet, Ellie Renesmee, 30389, 9
freet, Ellie Theresa, 92615, 5
freet, Emily Blayke, 60258, 6
freet, Emily Farah, 17855, 12
freet, Emily Xyla, 15619, 12
freet, Emma Alessa, 86721, 20
freet, Emma Alissa, 30544, 18
freet, Emma Joey, 19305, 8
freet, Emma Jubilee, 20398, 17
freet, Emma Kya, 73903, 3
freet, Emma Macey, 81126, 18
freet, Emma Salome, 96920, 18
freet, Evelyn Macey, 83604, 4
freet, Evelyn Raine, 65331, 13
freet, Evelyn Yuna, 60011, 20
freet, Evelyn Zaya, 53981, 17
freet, Gianna Farah, 50378, 14
freet, Gianna Ira, 43582, 6
freet, Gianna Joey, 49158, 10
freet, Gianna Natalee, 13082, 13
freet, Gianna Raine, 49581, 12
freet, Grace Asia, 91589, 15
freet, Harper Chevelle, 76886, 2
freet, Isabella Alessa, 11753, 16
freet, Isabella Ira, 27214, 13
freet, Isabella Kya, 45906, 14
freet, Layla Jubilee, 44467, 1
freet, Layla Kaleah, 78783, 15
freet, Layla Renesmee, 88960, 6
freet, Madison Ira, 58313, 17
freet, Madison Jenny, 82125, 18
freet, Mia Arizona, 96919, 10
freet, Mia Macey, 64003, 6
freet, Mila Alessa, 66337, 18
freet, Mila Asia, 93485, 9
freet, Olivia Kalea, 25780, 19
freet, Olivia Xyla, 44100, 9
freet, Olivia Yuna, 80722, 10
freet, Penelope Kaleah, 69865, 8
freet, Penelope Kya, 97290, 14
freet, Scarlett Farah, 97253, 4
freet, Scarlett Jubilee, 70033, 8
freet, Scarlett Kya, 97765, 17
freet, Scarlett Macey, 22669, 2
freet, Scarlett Rosalind, 14848, 12
freet, Scarlett Rosalind, 39797, 9
freet, Scarlett Salome, 26667, 18
freet, Sofia Eila, 71917, 15
freet, Sofia Joey, 90631, 15
freet, Sofia Kalea, 26295, 1
freet, Sophia Asia, 10926, 17
freet, Sophia Jenny, 66461, 18
freet, Sophia Natalee, 90795, 4
freet, Sophia Zaya, 55960, 4
freet, Sophia Zaya, 65077, 1
