Grape, Abigail Alissa, 94848, 3
Grape, Abigail Darla, 80563, 16
Grape, Abigail Jubilee, 42135, 20
Grape, Abigail Lavender, 11158, 19
Grape, Abigail Xyla, 25841, 10
Grape, Abigail Yuna, 21416, 8
Grape, Abigail Zaya, 93777, 18
Grape, Amelia Alessa, 47025, 13
Grape, Amelia Lavender, 80095, 2
Grape, Amelia Nahla, 25203, 16
Grape, Amelia Yuna, 23370, 15
Grape, Aria Alessa, 57821, 2
Grape, Aria Jubilee, 43439, 16
Grape, Ava Ira, 58529, 14
Grape, Ava Zaya, 35217, 17
Grape, Avery Annelise, 79719, 14
Grape, Avery Annelise, 32945, 14
Grape, Avery Ira, 12469, 16
Grape, Avery Jubilee, 98360, 15
Grape, Avery Kaleah, 97028, 18
Grape, Avery Raine, 15436, 19
Grape, Avery Renesmee, 67806, 9
Grape, Camila Eila, 70705, 16
Grape, Camila Farah, 90886, 5
Grape, Camila Salome, 71629, 4
Grape, Camila Theresa, 26183, 3
Grape, Camila Xyla, 83651, 20
Grape, Charlotte Raine, 20614, 5
Grape, Charlotte Xyla, 62367, 18
Grape, Chloe Rosalind, 71856, 5
Grape, Elizabeth Annelise, 13160, 12
Grape, Elizabeth Lavender, 34223, 10
Grape, Elizabeth Salome, 51602, 6
Grape, Elizabeth Theresa, 21538, 3
Grape, Ella Theresa, 47434, 10
Grape, Ellie Salome, 85257, 6
Grape, Emily Chevelle, 28864, 1
Grape, Emily Lavender, 56197, 3
Grape, Emma Darla, 18341, 10
Grape, Emma Eila, 51144, 3
Grape, Emma Lavender, 26136, 8
Grape, Evelyn Alessa, 43406, 11
Grape, Evelyn Kaleah, 37957, 11
Grape, Evelyn Kaleah, 18741, 12
Grape, Evelyn Lavender, 77868, 5
Grape, Evelyn Macey, 18738, 7
Grape, Evelyn Nahla, 35480, 14
Grape, Gianna Annelise, 72773, 8
Grape, Gianna Ira, 86843, 8
Grape, Gianna Kalea, 69725, 5
Grape, Gianna Kalea, 99638, 20
Grape, Gianna Lavender, 73114, 5
Grape, Gianna Xyla, 66640, 11
Grape, Gianna Zaya, 46241, 10
Grape, Grace Arizona, 27555, 10
Grape, Grace Natalee, 98076, 11
Grape, Grace Xyla, 35258, 7
Grape, Harper Xyla, 94430, 4
Grape, Isabella Farah, 85909, 7
Grape, Isabella Ira, 91527, 8
Grape, Isabella Macey, 36208, 9
Grape, Isabella Theresa, 61439, 19
Grape, Isabella Zaya, 72233, 17
Grape, Layla Jubilee, 80993, 7
Grape, Layla Kalea, 21002, 1
Grape, Layla Kya, 46225, 6
Grape, Layla Natalee, 23973, 18
Grape, Layla Natalee, 38593, 15
Grape, Layla Rosalind, 68527, 13
Grape, Layla Yuna, 48400, 8
Grape, Luna Blayke, 65370, 18
Grape, Luna Nahla, 85614, 11
Grape, Luna Rosalind, 13178, 17
Grape, Luna Rosalind, 25767, 6
Grape, Madison Eila, 64736, 13
Grape, Madison Farah, 28744, 12
Grape, Madison Kaleah, 37422, 8
Grape, Madison Kaleah, 13724, 16
Grape, Madison Kya, 42904, 1
Grape, Madison Zaya, 86275, 18
Grape, Mia Alissa, 45999, 18
Grape, Mia Joey, 34929, 8
Grape, Mia Joey, 19925, 19
Grape, Mia Jubilee, 97847, 6
Grape, Mia Renesmee, 28695, 14
Grape, Mia Salome, 62419, 17
Grape, Mia Theresa, 50054, 13
Grape, Mila Darla, 42860, 17
Grape, Mila Kya, 23352, 20
Grape, Mila Rosalind, 50881, 11
Grape, Mila Xyla, 11091, 9
Grape, Olivia Asia, 85065, 13
Grape, Olivia Farah, 42069, 15
Grape, Olivia Zaya, 98421, 1
Grape, Penelope Alissa, 72834, 20
Grape, Penelope Jubilee, 23820, 16
Grape, Penelope Macey, 36190, 6
Grape, Penelope Macey, 16821, 12
Grape, Penelope Nahla, 99393, 9
Grape, Penelope Theresa, 83873, 9
Grape, Scarlett Eila, 56000, 5
Grape, Scarlett Ira, 72999, 11
Grape, Scarlett Kalea, 73844, 18
Grape, Scarlett Natalee, 41459, 1
Grape, Sofia Darla, 19034, 12
Grape, Sofia Darla, 51345, 15
Grape, Sofia Kya, 75788, 7
Grape, Sophia Alessa, 46696, 14
Grape, Sophia Macey, 86104, 8
Grape, Sophia Xyla, 94333, 19
