Plasco, Abigail Jenny, 79430, 4
Plasco, Abigail Macey, 64568, 10
Plasco, Abigail Natalee, 98511, 19
Plasco, Abigail Renesmee, 20513, 2
Plasco, Abigail Rosalind, 53190, 10
Plasco, Amelia Alessa, 93034, 6
Plasco, Amelia Kya, 25695, 7
Plasco, Aria Annelise, 17112, 14
Plasco, Aria Asia, 78949, 14
Plasco, Aria Chevelle, 17084, 5
Plasco, Aria Natalee, 81855, 20
Plasco, Ava Ira, 50256, 12
Plasco, Ava Raine, 66939, 3
Plasco, Ava Rosalind, 39263, 14
Plasco, Avery Joey, 10996, 9
Plasco, Avery Kya, 64192, 5
Plasco, Avery Natalee, 47835, 4
Plasco, Avery Theresa, 15232, 18
Plasco, Avery Zaya, 15337, 8
Plasco, Camila Chevelle, 48964, 6
Plasco, Camila Eila, 95773, 16
Plasco, Camila Kaleah, 73633, 7
Plasco, Camila Nahla, 87446, 11
Plasco, Charlotte Joey, 75571, 9
Plasco, Charlotte Joey, 36170, 6
Plasco, Charlotte Renesmee, 11427, 20
Plasco, Charlotte Theresa, 85761, 12
Plasco, Chloe Alissa, 92581, 19
Plasco, Chloe Arizona, 92461, 5
Plasco, Chloe Kalea, 24565, 20
Plasco, Chloe Kaleah, 18602, 10
Plasco, Chloe Lavender, 77715, 10
Plasco, Chloe Rosalind, 36264, 16
Plasco, Chloe Salome, 17118, 17
Plasco, David Davis, 91982, 18
Plasco, Eleanor Natalee, 21926, 12
Plasco, Eleanor Rosalind, 78206, 8
Plasco, Eleanor Theresa, 22345, 11
Plasco, Eleanor Yuna, 17710, 4
Plasco, Elizabeth Asia, 69448, 20
Plasco, Elizabeth Lavender, 16759, 3
Plasco, Elizabeth Xyla, 21310, 18
Plasco, Ella Ira, 68767, 14
Plasco, Ella Ira, 71173, 8
Plasco, Ella Salome, 63027, 4
Plasco, Ella Xyla, 64907, 6
Plasco, Ellie Alissa, 91014, 17
Plasco, Emily Ira, 73080, 11
Plasco, Emily Jenny, 59967, 9
Plasco, Emily Xyla, 81392, 19
Plasco, Emma Alissa, 28125, 2
Plasco, Emma Arizona, 53227, 14
Plasco, Emma Rosalind, 47769, 5
Plasco, Evelyn Alissa, 72886, 18
Plasco, Evelyn Annelise, 79202, 10
Plasco, Evelyn Arizona, 23630, 1
Plasco, Evelyn Blayke, 53821, 17
Plasco, Evelyn Darla, 65957, 12
Plasco, Evelyn Jenny, 82720, 9
Plasco, Evelyn Nahla, 74380, 20
Plasco, Evelyn Zaya, 44751, 6
Plasco, Evelyn Zaya, 34551, 11
Plasco, Gianna Asia, 91542, 16
Plasco, Gianna Rosalind, 11510, 10
Plasco, Gianna Theresa, 32729, 15
Plasco, Gianna Theresa, 30736, 4
Plasco, Grace Farah, 29597, 9
Plasco, Grace Macey, 65598, 15
Plasco, Grace Nahla, 15143, 6
Plasco, Grace Xyla, 32071, 16
Plasco, Grace Yuna, 19937, 18
Plasco, Harper Alissa, 91783, 2
Plasco, Harper Ira, 30140, 4
Plasco, Harper Lavender, 23760, 11
Plasco, Harper Nahla, 91176, 4
Plasco, Harper Zaya, 28287, 10
Plasco, Isabella Alessa, 12159, 4
Plasco, Isabella Annelise, 24389, 3
Plasco, Isabella Joey, 38012, 17
Plasco, Isabella Yuna, 68556, 17
Plasco, Layla Kaleah, 52442, 1
Plasco, Layla Kya, 45138, 13
Plasco, Layla Natalee, 32342, 3
Plasco, Luna Alissa, 94850, 18
Plasco, Luna Macey, 60882, 1
Plasco, Luna Macey, 29641, 3
Plasco, Luna Macey, 87444, 12
Plasco, Luna Nahla, 18405, 10
Plasco, Luna Natalee, 79191, 20
Plasco, Madison Arizona, 12556, 16
Plasco, Madison Darla, 33181, 16
Plasco, Madison Kya, 15947, 9
Plasco, Madison Kya, 32245, 1
Plasco, Mia Lavender, 11707, 6
Plasco, Mia Nahla, 77701, 5
Plasco, Mia Natalee, 28897, 2
Plasco, Mila Alissa, 52156, 3
Plasco, Mila Asia, 18378, 1
Plasco, Olivia Annelise, 83076, 10
Plasco, Olivia Kalea, 63899, 2
Plasco, Penelope Asia, 41268, 13
Plasco, Penelope Salome, 11419, 8
Plasco, Sofia Joey, 33704, 12
Plasco, Sofia Lavender, 77920, 16
Plasco, Sophia Lavender, 75858, 2
Plasco, Sophia Natalee, 81065, 13
