Spllll, Abigail Arizona, 58103, 13
Spllll, Abigail Jenny, 54960, 9
Spllll, Abigail Jubilee, 59144, 15
Spllll, Abigail Lavender, 10082, 7
Spllll, Abigail Nahla, 33847, 4
Spllll, Amelia Rosalind, 89166, 8
Spllll, Aria Alessa, 50500, 14
Spllll, Aria Kya, 25757, 1
Spllll, Aria Xyla, 13909, 12
Spllll, Ava Asia, 37300, 20
Spllll, Ava Kya, 68735, 9
Spllll, Avery Natalee, 45309, 16
Spllll, Camila Arizona, 85748, 16
Spllll, Camila Asia, 24755, 6
Spllll, Camila Farah, 37979, 16
Spllll, Camila Rosalind, 99697, 14
Spllll, Charlotte Joey, 44793, 17
Spllll, Charlotte Salome, 22432, 7
Spllll, Chloe Darla, 68248, 8
Spllll, Chloe Joey, 76062, 2
Spllll, Chloe Kaleah, 15036, 1
Spllll, Chloe Rosalind, 17152, 4
Spllll, Eleanor Kaleah, 72937, 8
Spllll, Eleanor Kya, 45966, 2
Spllll, Elizabeth Chevelle, 19047, 1
Spllll, Elizabeth Eila, 39399, 2
Spllll, Elizabeth Lavender, 87879, 15
Spllll, Elizabeth Lavender, 81454, 17
Spllll, Elizabeth Macey, 40604, 9
Spllll, Ellie Joey, 59568, 14
Spllll, Ellie Kaleah, 42351, 14
Spllll, Ellie Nahla, 71486, 10
Spllll, Ellie Salome, 12849, 4
Spllll, Emily Chevelle, 41256, 8
Spllll, Emily Theresa, 81685, 19
Spllll, Emma Macey, 71834, 1
Spllll, Emma Yuna, 84812, 17
Spllll, Evelyn Arizona, 91731, 13
Spllll, Evelyn Eila, 52840, 4
Spllll, Evelyn Ira, 84485, 18
Spllll, Evelyn Jenny, 85513, 1
Spllll, Evelyn Macey, 66391, 16
Spllll, Evelyn Nahla, 60407, 1
Spllll, Gianna Arizona, 50280, 10
Spllll, Gianna Natalee, 43916, 19
Spllll, Grace Chevelle, 16479, 17
Spllll, Grace Ira, 37238, 16
Spllll, Grace Jubilee, 69567, 17
Spllll, Grace Kaleah, 80393, 7
Spllll, Grace Yuna, 80623, 2
Spllll, Grace Zaya, 49985, 5
Spllll, Grace Zaya, 85408, 8
Spllll, Grace Zaya, 50423, 13
Spllll, Harper Natalee, 45378, 10
Spllll, Harper Raine, 87177, 3
Spllll, Isabella Jenny, 52783, 7
Spllll, Isabella Theresa, 69675, 5
Spllll, Isabella Xyla, 47330, 9
Spllll, Layla Annelise, 87736, 6
Spllll, Layla Eila, 96214, 3
Spllll, Layla Farah, 30338, 6
Spllll, Luna Kaleah, 46910, 2
Spllll, Madison Natalee, 31779, 19
Spllll, Madison Renesmee, 46971, 5
Spllll, Mia Eila, 94632, 3
Spllll, Mia Joey, 26318, 16
Spllll, Mia Renesmee, 36388, 1
Spllll, Mia Xyla, 21817, 5
Spllll, Mia Xyla, 96473, 13
Spllll, Mila Alessa, 75764, 19
Spllll, Mila Eila, 99699, 14
Spllll, Mila Kya, 35170, 20
Spllll, Mila Zaya, 55285, 18
Spllll, Olivia Arizona, 92873, 11
Spllll, Olivia Jenny, 91575, 6
Spllll, Olivia Kalea, 29042, 11
Spllll, Olivia Nahla, 94447, 14
Spllll, Olivia Nahla, 65769, 18
Spllll, Olivia Rosalind, 55345, 11
Spllll, Olivia Rosalind, 75595, 6
Spllll, Olivia Yuna, 58886, 19
Spllll, Penelope Alissa, 10981, 17
Spllll, Penelope Macey, 33752, 11
Spllll, Penelope Salome, 71148, 10
Spllll, Scarlett Jubilee, 83414, 18
Spllll, Scarlett Theresa, 24540, 12
Spllll, Scarlett Zaya, 61661, 15
Spllll, Sofia Chevelle, 14290, 17
Spllll, Sofia Darla, 85841, 8
Spllll, Sofia Joey, 31784, 11
Spllll, Sofia Kaleah, 43147, 2
Spllll, Sofia Kya, 66742, 4
Spllll, Sofia Theresa, 30681, 16
Spllll, Sofia Xyla, 28426, 12
