Teege, Abigail Jubilee, 39120, 10
Teege, Abigail Natalee, 47851, 19
Teege, Abigail Xyla, 78371, 13
Teege, Abigail Zaya, 38611, 4
Teege, Amelia Darla, 36714, 2
Teege, Aria Chevelle, 65463, 12
Teege, Aria Eila, 52317, 20
Teege, Aria Lavender, 31528, 11
Teege, Ava Salome, 59085, 14
Teege, Ava Yuna, 72130, 18
Teege, Avery Darla, 32499, 14
Teege, Avery Eila, 11509, 4
Teege, Avery Ira, 75064, 15
Teege, Avery Joey, 62466, 8
Teege, Avery Kalea, 28307, 4
Teege, Avery Salome, 93219, 10
Teege, Avery Yuna, 27216, 15
Teege, Camila Alessa, 41193, 13
Teege, Camila Blayke, 36859, 14
Teege, Camila Lavender, 55180, 14
Teege, Charlotte Alessa, 25342, 3
Teege, Charlotte Alissa, 60456, 6
Teege, Charlotte Blayke, 96208, 19
Teege, Charlotte Kalea, 81369, 19
Teege, Charlotte Nahla, 56811, 7
Teege, Charlotte Yuna, 55347, 18
Teege, Chloe Alissa, 63327, 2
Teege, Chloe Lavender, 53054, 8
Teege, Chloe Yuna, 84528, 19
Teege, Elizabeth Macey, 72413, 16
Teege, Ella Alessa, 54601, 9
Teege, Ella Arizona, 98008, 8
Teege, Ella Farah, 67793, 12
Teege, Ella Theresa, 72445, 4
Teege, Ella Xyla, 21161, 6
Teege, Ellie Kaleah, 91857, 20
Teege, Emily Alissa, 87987, 18
Teege, Emily Farah, 18449, 13
Teege, Emily Jubilee, 40341, 2
Teege, Emily Kya, 40309, 1
Teege, Emily Lavender, 45059, 11
Teege, Emily Raine, 13112, 10
Teege, Emma Annelise, 21087, 1
Teege, Emma Asia, 32733, 19
Teege, Emma Jenny, 23427, 7
Teege, Emma Yuna, 69330, 13
Teege, Evelyn Kalea, 79679, 18
Teege, Gianna Eila, 22485, 12
Teege, Gianna Farah, 24682, 5
Teege, Gianna Joey, 95095, 6
Teege, Gianna Salome, 73836, 15
Teege, Gianna Zaya, 80885, 1
Teege, Gianna Zaya, 18327, 8
Teege, Grace Eila, 20912, 6
Teege, Grace Joey, 82611, 13
Teege, Isabella Jenny, 59296, 13
Teege, Isabella Jubilee, 10940, 16
Teege, Isabella Macey, 21531, 7
Teege, Layla Kaleah, 16117, 3
Teege, Layla Kaleah, 81092, 10
Teege, Luna Joey, 75726, 14
Teege, Luna Nahla, 16512, 10
Teege, Madison Alessa, 19171, 14
Teege, Madison Macey, 48498, 16
Teege, Mia Eila, 50363, 10
Teege, Mia Joey, 82956, 8
Teege, Mia Natalee, 20119, 9
Teege, Mia Raine, 84126, 2
Teege, Mila Arizona, 43690, 19
Teege, Mila Ira, 95979, 17
Teege, Mila Kaleah, 40425, 4
Teege, Mila Kaleah, 12205, 13
Teege, Mila Natalee, 78091, 10
Teege, Mila Salome, 86908, 20
Teege, Olivia Asia, 86506, 1
Teege, Olivia Ira, 49920, 1
Teege, Olivia Natalee, 78284, 1
Teege, Penelope Darla, 79294, 1
Teege, Penelope Darla, 32903, 19
Teege, Penelope Salome, 37858, 4
Teege, Scarlett Eila, 41233, 19
Teege, Scarlett Jubilee, 62789, 19
Teege, Sofia Farah, 28715, 17
Teege, Sofia Yuna, 84378, 2
Teege, Sophia Arizona, 32926, 19
Teege, Sophia Asia, 80654, 17
Teege, Sophia Farah, 20767, 7
Teege, Sophia Zaya, 79403, 3
