Yurtle, Abigail Blayke, 24239, 20
Yurtle, Abigail Rosalind, 30593, 13
Yurtle, Aria Chevelle, 89172, 4
Yurtle, Aria Nahla, 38207, 20
Yurtle, Ava Yuna, 99419, 20
Yurtle, Avery Alissa, 31797, 8
Yurtle, Avery Annelise, 35998, 8
Yurtle, Avery Darla, 98434, 2
Yurtle, Avery Kalea, 94950, 7
Yurtle, Camila Blayke, 95714, 16
Yurtle, Charlotte Eila, 20451, 2
Yurtle, Charlotte Kya, 79279, 10
Yurtle, Charlotte Raine, 12049, 14
Yurtle, Chloe Joey, 56341, 14
Yurtle, Chloe Jubilee, 50630, 18
Yurtle, Chloe Nahla, 21909, 4
Yurtle, Chloe Salome, 20861, 13
Yurtle, Chloe Yuna, 53479, 1
Yurtle, Chloe Zaya, 67596, 18
Yurtle, Eleanor Farah, 21161, 18
Yurtle, Eleanor Jenny, 81126, 1
Yurtle, Eleanor Lavender, 15393, 3
Yurtle, Elizabeth Annelise, 48441, 19
Yurtle, Elizabeth Asia, 38356, 5
Yurtle, Elizabeth Zaya, 95668, 7
Yurtle, Ella Blayke, 63283, 11
Yurtle, Ella Eila, 89670, 18
Yurtle, Ella Joey, 26864, 11
Yurtle, Ella Nahla, 55176, 18
Yurtle, Ellie Eila, 26916, 14
Yurtle, Ellie Lavender, 81379, 14
Yurtle, Emily Blayke, 72973, 17
Yurtle, Emily Joey, 89593, 5
Yurtle, Emily Macey, 14683, 15
Yurtle, Emily Rosalind, 18143, 18
Yurtle, Evelyn Blayke, 59486, 13
Yurtle, Evelyn Jenny, 22023, 6
Yurtle, Gianna Alessa, 87846, 3
Yurtle, Gianna Annelise, 40056, 18
Yurtle, Gianna Asia, 39265, 3
Yurtle, Gianna Ira, 68074, 18
Yurtle, Gianna Xyla, 56861, 10
Yurtle, Grace Alessa, 56641, 10
Yurtle, Grace Alissa, 41480, 13
Yurtle, Grace Arizona, 74029, 20
Yurtle, Grace Nahla, 39395, 13
Yurtle, Grace Rosalind, 28695, 1
Yurtle, Harper Ira, 86232, 14
Yurtle, Harper Natalee, 38940, 11
Yurtle, Harper Yuna, 11403, 20
Yurtle, Layla Annelise, 19373, 2
Yurtle, Layla Natalee, 17958, 18
Yurtle, Luna Asia, 40263, 1
Yurtle, Luna Jubilee, 80281, 6
Yurtle, Luna Lavender, 69889, 6
Yurtle, Madison Arizona, 70057, 20
Yurtle, Madison Blayke, 97559, 3
Yurtle, Madison Jenny, 98772, 8
Yurtle, Mia Alessa, 45834, 18
Yurtle, Mia Raine, 84101, 7
Yurtle, Mila Blayke, 94946, 3
Yurtle, Mila Kalea, 84048, 13
Yurtle, Olivia Blayke, 97963, 18
Yurtle, Olivia Jenny, 79725, 13
Yurtle, Olivia Natalee, 51456, 13
Yurtle, Penelope Blayke, 31511, 12
Yurtle, Penelope Kalea, 90986, 18
Yurtle, Scarlett Jenny, 17985, 20
Yurtle, Scarlett Nahla, 91712, 2
Yurtle, Scarlett Nahla, 83813, 17
Yurtle, Sofia Asia, 73415, 11
Yurtle, Sofia Blayke, 20998, 16
Yurtle, Sophia Alissa, 20799, 18
Yurtle, Sophia Asia, 47796, 5
